Concept Name,Difficulty Score (1-5),Priority Score (1-5),Prerequisites,"""Gotchas"" / Common Pitfalls","Key Vocabulary (Ar/En)"
"Lesson 1.1: What is JavaScript?","1","5","None","Making it too long or technical. The goal is motivation, not exhaustive history.","JavaScript (جافاسكريبت), Programming Language (لغة برمجة), Interactive (تفاعلي)"
"Lesson 1.2: Where Can JS Run?","2","5","Lesson 1.1","Confusing the two environments; Thinking code written for the browser will automatically work in Node.js and vice-versa. This lesson's job is to create a clear mental separation from the start.","Environment (بيئة تشغيل), Browser (متصفح), Server (خادوم), Client-side (جهة العميل), Server-side (جهة الخادوم), Node.js"
"Lesson 1.3: Browser Developer Console","1","5","Lesson 1.2","Losing code on page refresh; Typing multi-line code can be awkward; Thinking this is how 'real' projects are built. We must frame it as a quick scratchpad/calculator.","Developer Tools (أدوات المطورين), Console (وحدة التحكم), `console.log`"
"Lesson 1.4: HTML + JS File Method","3","5","Lesson 1.3","This is the first BIG practical step. Gotchas are numerous: 1. Incorrect file path in `<script src='...'`. 2. Forgetting to save one of the files. 3. The manual refresh cycle in the browser is tedious and can be forgotten. 4. Typos in file names or extensions (`.js` vs `.html`).","HTML, `index.html`, `script.js`, `<script>`, `src` (مصدر), File (ملف), Folder (مجلد)"
"Lesson 1.5: Intro to VS Code","2","5","Lesson 1.4","Getting overwhelmed by the UI. The focus must be narrow: 1. How to open a folder. 2. The file explorer sidebar. 3. The main text editing area. Avoid talking about the terminal, debugger, or source control panels.","IDE (بيئة تطوير متكاملة), Code Editor (محرر أكواد), VS Code, File Explorer (مستكشف الملفات), Extension (إضافة)"
"Lesson 1.6: Using 'Live Server'","2","5","Lesson 1.5","1. User's firewall might block it, causing confusion. 2. Not knowing how to find the 'Go Live' button in the status bar. 3. Closing the server and not knowing how to restart it. This lesson must have clear screenshots/GIFs.","Live Server, Extension Marketplace (سوق الإضافات), Local Server (خادوم محلي), Port (منفذ)"
"Lesson 1.7: Summary & Path Forward","1","4","All previous lessons","The user might still be confused about which method to use. This lesson must state explicitly: 'For the rest of this course, we recommend you follow along using the VS Code + Live Server method.'","Recap (ملخص), Workflow (سير العمل)"
"Variables with `let` and `const`","2","5","How to run JavaScript","Using `const` for a value they intend to change later; Forgetting to give `const` an initial value.","Variable (متغير), Declare (تصريح), `let`, `const`, Value (قيمة)"
"Variable Naming Rules","2","4","`let` and `const`","Trying to use spaces or hyphens; Starting a variable name with a number; Using a reserved keyword like `let` or `if`.","camelCase, Reserved Keywords (كلمات محجوزة)"
"Data Type: string","2","5","`let` and `const`","Forgetting the quotes (`'` or `""`); Mismatching quotes (e.g., `'hello""`); Confusing a number in a string (`""5""`) with a real number (`5`).","String (نص), Quotes (علامات تنصيص)"
"Data Type: number","1","5","`let` and `const`","Trying to write large numbers with commas (e.g., `1,000` instead of `1000`).","Number (رقم)"
"Data Type: boolean","3","5","`let` and `const`","This is an abstract concept. Main pitfall is confusing the boolean value `true` with the string value `""true""`.","Boolean (منطقي), `true` (صحيح), `false` (خاطئ)"
"Data Type: null","3","3","`let` and `const`","Confusing `null` (intentional absence of value) with `undefined` (uninitialized variable). A common quiz question is `typeof null` which is ""object"", not ""null"".","`null` (قيمة فارغة مقصودة)"
"Data Type: undefined","3","3","`let` and `const`","Confusing with `null`. Understanding that it's the default value for uninitialized variables.","`undefined` (غير مُعرَّف)"
"typeof operator","2","3","Primitive Types","The `typeof null` result being ""object"" is a famous language quirk that can confuse beginners.","Operator (عامل), Type (نوع)"
"Assignment Operators (`=`, `+=`)","2","5","`let` and `const`","The single most common beginner bug: using assignment `=` in a condition where comparison `===` is needed.","Assignment (إسناد قيمة)"
"Arithmetic Operators","1","5","`number`","The modulo operator (`%`) can be non-intuitive at first. Understanding that `+` behaves differently with numbers (addition) vs. strings (concatenation).","Arithmetic (حسابي), Add (جمع), Subtract (طرح), Modulo (باقي القسمة)"
"String Operators (Concatenation)","2","4","`string`","Accidentally converting a number to a string by adding it to another string (e.g., `""Score: "" + 10` results in `""Score: 10""`).","Concatenation (دمج النصوص)"
"Comparison Operators (`===`, `!==`, etc)","3","5","`boolean`, Primitive Types","Using `=` instead of `===`; Not realizing the result of a comparison is always a `boolean` (`true` or `false`).","Comparison (مقارنة), Strict Equality (مساواة صارمة), `===`, `!==`"
"Logical Operators (`&&`, `||`, `!`)","3","5","Comparison Operators, `boolean`","Understanding the difference between `&&` (AND) and `||` (OR). The `!` (NOT) operator can be tricky when combined with other expressions.","Logic (منطق), `AND` (وَ), `OR` (أَوْ), `NOT` (لَيْسَ / عَكْس)"
"Control Flow: if...else","3","5","Logical Operators","Syntax errors like forgetting the parentheses `()` around the condition or the curly braces `{}` for the code block. Mis-structuring `else if`.","Condition (شرط), `if` (إذا), `else` (وإلا)"
"Control Flow: switch","3","2","`if...else`","Forgetting the `break` statement after a `case`, causing code to ""fall through"" to the next case unexpectedly.","`switch`, `case` (حالة), `break` (إيقاف), `default` (افتراضي)"
"Conditional (Ternary) Operator","4","2","`if...else`","The syntax is dense and hard to read for beginners compared to a standard `if/else` block. Best introduced as a ""shortcut"" much later.","Ternary Operator (العامل الثلاثي)"
"Data Structures: Arrays","3","5","Primitive Types","Zero-based indexing (the first element is at index `[0]`). Trying to access an index that doesn't exist results in `undefined`, not an error.","Array (مصفوفة), Index (فهرس), Element (عنصر), Zero-based (يبدأ من الصفر)"
"Data Structures: Objects","3","5","Primitive Types","Syntax: forgetting commas between properties. Confusing dot notation (`.`) for simple keys vs. bracket notation (`[]`) for keys with spaces or variables.","Object (كائن), Key (مفتاح), Value (قيمة), Property (خاصية), Method (وظيفة)"
"Accessing Array & Object data","2","5","Arrays, Objects","Reinforcement. Confusing the syntax: `array[0]` vs. `object.key`.","Dot Notation, Bracket Notation"
"Loops: for loop","4","5","`let`, Arrays, Comparison Operators","Off-by-one errors in the condition (`<` vs. `<=`). Creating an infinite loop by failing to increment the counter. The syntax itself is complex (initialization; condition; increment).","Loop (حلقة تكرارية), Iteration (تكرار), Increment (زيادة), Condition (شرط)"
"Loops: while loop","3","3","`for` loop","The #1 pitfall is forgetting to include the line of code that changes the condition (e.g., `i++`), leading to an infinite loop.","`while` (بينما)"
"Loops: break / continue","3","3","`for` loop, `while` loop","Understanding the subtle difference: `break` exits the loop entirely, `continue` just skips to the next iteration.","`break` (إيقاف), `continue` (تخطّي / استمر)"
"Loops: for...of loop","3","4","Arrays, `for` loop","Trying to use it on a plain object (it only works on iterable things like Arrays and Strings). Not having direct access to the index number.","`for...of`"
"Functions: Defining and Calling","4","5","All previous concepts","The biggest hurdle is understanding that defining a function does nothing until you call (invoke) it.","Function (دالة), Define (تعريف), Call/Invoke (استدعاء/تنفيذ)"
"Functions: Parameters & return","4","5","Defining/Calling Functions","Confusing parameters (the 'variables' in the definition) with arguments (the 'values' you pass when calling). Forgetting the `return` keyword, which makes the function implicitly return `undefined`.","Parameter (معامل), Argument (قيمة مُمررة), `return` (إرجاع)"
"Functions: Arrow Functions","3","4","Functions","The compact syntax can be confusing, especially the implicit return (e.g., `() => x` vs. `() => { return x; }`).","Arrow Function (دالة سهمية)"
"DOM: Selecting Elements","2","5","Objects (as DOM is an object)","`getElementById` vs `querySelector`. Knowing that a failed selection returns `null`, which will cause errors if you try to act on it.","DOM (نموذج كائن المستند), Element (عنصر), Select (تحديد), ID, Class, Query (استعلام)"
"DOM: Changing Content/Styles","2","5","Selecting Elements","Knowing `.textContent` vs. `.innerHTML` (and the security risk of the latter). CSS properties in JS are camelCase (e.g., `background-color` becomes `backgroundColor`).","`textContent`, `innerHTML`, `style`"
"DOM: Handling Events","4","5","Selecting Elements, Functions","Passing the result of a function call `myFunc()` instead of the function reference `myFunc` as the event listener's callback. This is a very common and difficult bug for beginners.","Event (حدث), Listener (مستمع), `click` (نقر), Callback (دالة رد نداء)"
"Concept of Asynchronicity","4","4","Functions","Purely conceptual and difficult to grasp without a practical example. The idea that code doesn't always run top-to-bottom in order is a major mental shift.","Synchronous (متزامن), Asynchronous (غير متزامن), Blocking (يعيق)"
"Callbacks (asynchronous)","4","4","Asynchronicity, Functions","The concept of passing a function *to another function* to be executed *later*. This ""inversion of control"" is a hurdle.","Callback (دالة رد نداء)"
"Promises (`.then`, `.catch`)","5","5","Callbacks","This is a major difficulty spike. The syntax (`.then()`) and the concept of a ""wrapper"" object for a future value is very abstract. Chaining promises is also a hurdle.","Promise (وعد), `resolve` (تحقق), `reject` (رفض), `pending` (قيد الانتظار), `then`, `catch`"
"async/await","4","5","Promises","Easier syntax than promises, but requires understanding what promises are first. Main gotchas: forgetting `await` before a promise, or forgetting to label the parent function as `async`.","`async`, `await`"
"JSON","2","4","Objects","Syntax is stricter than JS objects: keys must have double quotes, and no trailing commas are allowed. The difference between a JS object and a JSON string.","JSON, `parse` (تحليل), `stringify` (تحويل لنص)"
"Fetch API","4","5","`async/await`, JSON","The two-step process: `fetch()` returns a Response object, then you must call `.json()` on it to get the data. Handling HTTP errors (like 404) requires an `if` check, as they don't trigger the `.catch` block.","API (واجهة برمجة التطبيقات), Fetch (جلب), Request (طلب), Response (استجابة)"
