"Submission ID","Respondent ID","Submitted at","Untitled dropdown field","كيف سمعت عن عرب كود؟","كيف سمعت عن عرب كود؟ (محرك البحث )","كيف سمعت عن عرب كود؟ (وسائل التواصل الاجتماعي)","كيف سمعت عن عرب كود؟ (صديق أو عائلة)","كيف سمعت عن عرب كود؟ (طرق أخرى)","كيف سمعت عن عرب كود؟ (الذكاء الاصطناعي AI)","ما هو مستواك الحالي في البرمجة؟","لماذا تريد تعلم البرمجة؟","لماذا تريد تعلم البرمجة؟ (شغف شخصي)","لماذا تريد تعلم البرمجة؟ (أهداف أكاديمية)","لماذا تريد تعلم البرمجة؟ (مسار مهني)","لماذا تريد تعلم البرمجة؟ (بناء مشاريع)","لماذا تريد تعلم البرمجة؟ (أخرى)","ما هي لغات البرمجة أو التقنيات التي تهتم بها أكثر؟","ما هي الطريقة التي تفضلها للتعلم؟","ما هي الطريقة التي تفضلها للتعلم؟ (تمارين تفاعلية)","ما هي الطريقة التي تفضلها للتعلم؟ (دروس مكتوبة)","ما هي الطريقة التي تفضلها للتعلم؟ (فيديوهات تعليمية)","ما هو عنوان بريدك الالكتروني؟","Respondent's country"
"WVbYVR","gvP29d","2024-12-07 10:31:46","الجزائر","محرك البحث ","true","false","false","false","false","مبتدئ","شغف شخصي","true","false","false","false","false","python web dev  react ","تمارين تفاعلية","true","false","false","walidtismelane@gmail.com",""
"26jA2M","rvxArN","2024-12-12 07:41:36","مصر","Meta ai","false","false","false","true","false","لا خبرة","مسار مهني","false","false","true","false","false","C++ ","تمارين تفاعلية","true","false","false","mohvbuh@gmail.com",""
"1ad981","xzxagG","2024-12-13 06:47:39","","محرك البحث ","true","false","false","false","false","مبتدئ","بناء مشاريع, شغف شخصي","true","false","false","true","false","PHp
","فيديوهات تعليمية, تمارين تفاعلية, دروس مكتوبة","true","true","true","abazrmna8@gmail.com",""
"R9DE4p","LOZQBp","2024-12-14 08:17:05","","وسائل التواصل الاجتماعي","false","true","false","false","false","لا خبرة","مسار مهني","false","false","true","false","false","اللغه العربيه","فيديوهات تعليمية","false","false","true","mahmabbhar@gmail.com",""
"jVPz0E","0kVJWB","2024-12-14 14:36:01","مصر","محرك البحث ","true","false","false","false","false","لا خبرة","بناء مشاريع","false","false","false","true","false","","فيديوهات تعليمية","false","false","true","janahany989@gmail.com",""
"GPzJe2","az9lD9","2024-12-15 13:12:02","مصر","وسائل التواصل الاجتماعي","false","true","false","false","false","مبتدئ","مسار مهني, شغف شخصي","true","false","true","false","false","Python ","دروس مكتوبة, تمارين تفاعلية","true","true","false","salwasamy573@gmail.com",""
"bJL7D0","Rjo5vQ","2024-12-16 22:19:17","اليمن","صديق أو عائلة","false","false","true","false","false","مبتدئ","شغف شخصي","true","false","false","false","false","ويب مع تطبيقات سطح المكتب و شبكات","تمارين تفاعلية, فيديوهات تعليمية, دروس مكتوبة","true","true","true","mohs.s28js2.m@gmail.com",""
"7kvpMR","jzlDX1","2024-12-17 10:49:11","مصر","محرك البحث ","true","false","false","false","false","مبتدئ","مسار مهني","false","false","true","false","false","Html-css-javascript","تمارين تفاعلية, دروس مكتوبة, فيديوهات تعليمية","true","true","true","Lailasaad304@gmail.com",""
"AXbr1B","Wqz8jj","2024-12-17 17:42:24","مصر","وسائل التواصل الاجتماعي","false","true","false","false","false","لا خبرة","لدخول دخل شخصي","false","false","false","false","true","","فيديوهات تعليمية","false","false","true","basmalamaged688@gmail.com",""
"R9BEB9","5VxajE","2024-12-18 00:37:55","","وسائل التواصل الاجتماعي","false","true","false","false","false","لا خبرة","بناء مشاريع","false","false","false","true","false","","فيديوهات تعليمية","false","false","true","hosnimohammed22@icloud.com",""
"J4Vk8J","6P2L9N","2024-12-18 05:13:06","مصر","تعليم مهارات لغات برمجه","false","false","false","true","false","مبتدئ","مسار مهني, بناء مشاريع, شغف شخصي","true","false","true","true","false","بايثون و c++","فيديوهات تعليمية, تمارين تفاعلية, دروس مكتوبة","true","true","true","ngahtony706@gmail.com",""
"1aGjbO","VN0pKM","2024-12-18 15:38:08","مصر","وسائل التواصل الاجتماعي","false","true","false","false","false","لا خبرة","مسار مهني, بناء مشاريع, شغف شخصي","true","false","true","true","false","HTML, JavaScript,css,c++, python ","دروس مكتوبة, تمارين تفاعلية, فيديوهات تعليمية","true","true","true","attiaazap@gmail.com",""
"EOvPr4","DaNeNR","2024-12-18 18:16:35","","الذكاء الاصطناعي","false","false","false","true","false","مبتدئ","شغف شخصي","true","false","false","false","false","الهكر و التصيد و الاحتيال و اختراق ","فيديوهات تعليمية","false","false","true","majd.ps4@barid.com",""
"xW4z4E","E6XZoX","2024-12-18 20:49:01","مصر","وسائل التواصل الاجتماعي","false","true","false","false","false","لا خبرة","مسار مهني","false","false","true","false","false","","تمارين تفاعلية, فيديوهات تعليمية","true","false","true","midoegy923@gmail.com",""
"EOvYbq","vzAzx4","2024-12-18 21:42:49","الجزائر","صديق أو عائلة, وسائل التواصل الاجتماعي","false","true","true","false","false","لا خبرة","شغف شخصي, مسار مهني","true","false","true","false","false","Jaba","فيديوهات تعليمية","false","false","true","bzrmanou@gmail.com",""
"jVJE91","azB4Yv","2024-12-19 07:58:19","مصر","وسائل التواصل الاجتماعي","false","true","false","false","false","مبتدئ","بناء مشاريع","false","false","false","true","false","python ' web development ' data analysis ","فيديوهات تعليمية, دروس مكتوبة, تمارين تفاعلية","true","true","true","ahmedmotawa@live.com",""
"aMajxW","OEAKJp","2024-12-19 13:26:37","","وسائل التواصل الاجتماعي","false","true","false","false","false","لا خبرة","شغف شخصي","true","false","false","false","false","Pyton
","تمارين تفاعلية, فيديوهات تعليمية","true","false","true","omaraleinawi@gmail.com",""
"EOMzQN","1RKk0p","2024-12-19 17:05:08","اليمن","وسائل التواصل الاجتماعي","false","true","false","false","false","لا خبرة","شغف شخصي","true","false","false","false","false","العربيه والانجليزيه","دروس مكتوبة, فيديوهات تعليمية, تمارين تفاعلية","true","true","true","hh0583312@gmail.com",""
"5AMOyb","VNl4Yy","2024-12-19 22:02:07","المغرب","محرك البحث ","true","false","false","false","false","مبتدئ","أهداف أكاديمية","false","true","false","false","false","Java","تمارين تفاعلية, فيديوهات تعليمية","true","false","true","eljayayoub5@gmail.com","Morocco"
"bJz0x0","8reJOY","2024-12-20 10:55:10","الصومال","وسائل التواصل الاجتماعي","false","true","false","false","false","لا خبرة","مسار مهني","false","false","true","false","false","python 
Javascript 
Web Development ","تمارين تفاعلية, دروس مكتوبة, فيديوهات تعليمية","true","true","true","goongen64@gmail.com","Saudi Arabia"
"26RKlD","jzxEMY","2024-12-20 12:24:58","السعودية","طرق أخرى","false","false","false","true","false","لا خبرة","مسار مهني","false","false","true","false","false","","فيديوهات تعليمية","false","false","true","","Yemen"
"rZg6go","XQEGJL","2024-12-20 20:48:22","المغرب","محرك البحث ","true","false","false","false","false","مبتدئ","بناء مشاريع","false","false","false","true","false","Python ","فيديوهات تعليمية, تمارين تفاعلية","true","false","true","mohammednegadi44@gmail.com","United States of America"
"ZBWGXo","LOXMo2","2024-12-20 22:54:11","مصر","محرك البحث ","true","false","false","false","false","متوسط","مسار مهني","false","false","true","false","false","Web development ","تمارين تفاعلية, فيديوهات تعليمية, دروس مكتوبة","true","true","true","ahmedsherifeltamalawii@gmail.com","Egypt"
"L2g0jy","MVYKJE","2024-12-21 10:02:22","","","","","","","","","","","","","","","","","","","","","Iraq"
"9KaPvE","GbD0xL","2024-12-21 13:41:12","","","","","","","","","","","","","","","","","","","","","Libya"
"yaG5AW","2ovJKA","2024-12-21 14:40:49","مصر","شات ميتا ai","false","false","false","true","false","لا خبرة","شغف شخصي, مسار مهني, بناء مشاريع, أهداف أكاديمية","true","true","true","true","false","لا اعرف بعد!!","تمارين تفاعلية","true","false","false","zazazezo45@gmail.com","Egypt"
"1axoq1","2ovJKA","2024-12-21 14:41:08","","","","","","","","","","","","","","","","","","","","","Egypt"
"yakYvd","0kvlo6","2024-12-21 18:12:12","السعودية","وسائل التواصل الاجتماعي","false","true","false","false","false","مبتدئ","بناء مشاريع","false","false","false","true","false","Python ","تمارين تفاعلية","true","false","false","omaris.99@gmail.com","Saudi Arabia"
"kPxOEr","lzWk05","2024-12-21 21:07:30","اليمن","الذكاء الاصطناعي AI","false","false","false","false","true","متوسط","أهداف أكاديمية, شغف شخصي, مسار مهني, بناء مشاريع","true","true","true","true","false","بايثون ولغات الويب مثل جافا سكربت مثلhtml و css php ","تمارين تفاعلية, دروس مكتوبة, فيديوهات تعليمية","true","true","true","almwyd395@gmail.com","Yemen"
"V6yvLv","y1vaZ0","2024-12-21 21:18:25","","الذكاء الاصطناعي AI","false","false","false","false","true","مبتدئ","مسار مهني","false","false","true","false","false","Html, JavaScript ","تمارين تفاعلية","true","false","false","doaat3545@gmail.com","Jordan"
"rZWGa5","gzZob1","2024-12-21 21:18:59","","","","","","","","","","","","","","","","","","","","","Iraq"
"xWB4Rr","BeDRBR","2024-12-21 21:25:56","الجزائر","الذكاء الاصطناعي AI","false","false","false","false","true","لا خبرة","بناء مشاريع","false","false","false","true","false","gdscript","تمارين تفاعلية, فيديوهات تعليمية","true","false","true","devlight200@gmail.com","Algeria"
"4bdOJo","8r8X0o","2024-12-21 22:30:23","المغرب","الذكاء الاصطناعي AI","false","false","false","false","true","لا خبرة","بناء مشاريع","false","false","false","true","false","Javascript,python, web development ","تمارين تفاعلية, دروس مكتوبة, فيديوهات تعليمية","true","true","true","oualidboujella@gmail.com","Morocco"
"xWB8y9","Q4Joe8","2024-12-22 01:58:15","","","","","","","","","","","","","","","","","","","","","Israel"
"gor81O","dzDb2D","2024-12-22 02:04:39","مصر","الذكاء الاصطناعي AI","false","false","false","false","true","لا خبرة","مسار مهني","false","false","true","false","false","Html,css, JavaScript, python ","فيديوهات تعليمية, تمارين تفاعلية, دروس مكتوبة","true","true","true","ya2902190@gmail.com","Egypt"
"6B56YP","dzDb2D","2024-12-22 02:04:58","","","","","","","","","","","","","","","","","","","","","Egypt"
"XbkgZe","OEJ90R","2024-12-22 12:11:00","مصر","الذكاء الاصطناعي AI","false","false","false","false","true","مبتدئ","أهداف أكاديمية, أخرى","false","true","false","false","true","database
","فيديوهات تعليمية, دروس مكتوبة, تمارين تفاعلية","true","true","true","samieashraf07@gmail.com","Egypt"
"DGPyxX","OEJ90R","2024-12-22 12:17:34","","","","","","","","","","","","","","","","","","","","","Egypt"
"aMgpey","xzP8xG","2024-12-22 13:34:36","ليبيا","الذكاء الاصطناعي AI","false","false","false","false","true","لا خبرة","شغف شخصي","true","false","false","false","false","Python","دروس مكتوبة","false","true","false","ali121522415@gmail.com","Libya"
"AXO8Qy","GbBRgo","2024-12-22 19:52:13","","","","","","","","","","","","","","","","","","","","","Saudi Arabia"
"9KgRoE","GbB0Op","2024-12-22 22:30:55","مصر","الذكاء الاصطناعي AI","false","false","false","false","true","لا خبرة","شغف شخصي","true","false","false","false","false","","فيديوهات تعليمية","false","false","true","amrsaid973@gmail.com","Egypt"
"GPjZxL","GbB0Op","2024-12-23 04:17:31","مصر","الذكاء الاصطناعي AI","false","false","false","false","true","لا خبرة","شغف شخصي","true","false","false","false","false","","فيديوهات تعليمية","false","false","true","amrsaid973@gmail.com","Egypt"
"GPjNgO","1R2xQg","2024-12-23 05:49:30","مصر","الذكاء الاصطناعي AI","false","false","false","false","true","متوسط","مسار مهني","false","false","true","false","false","Wep","فيديوهات تعليمية","false","false","true","bahaaamir444@gmail.com","Egypt"
"5AoqzQ","5VqNzZ","2024-12-23 09:39:47","الجزائر","الذكاء الاصطناعي AI","false","false","false","false","true","لا خبرة","بناء مشاريع, مسار مهني, شغف شخصي","true","false","true","true","false","++Python, c","فيديوهات تعليمية, دروس مكتوبة, تمارين تفاعلية","true","true","true","yousfiahmed1414@gmail.com","Algeria"
"jVXJxJ","DavgLX","2024-12-23 10:25:07","","محرك البحث , الذكاء الاصطناعي AI","true","false","false","false","true","لا خبرة","شغف شخصي, مسار مهني","true","false","true","false","false","بايثون و جافا. و C","تمارين تفاعلية, فيديوهات تعليمية","true","false","true","ningamsm000@gmail.com","Sudan"
"J4r88R","xz0gDG","2024-12-23 16:05:19","","الذكاء الاصطناعي AI","false","false","false","false","true","","","","","","","","","","","","","","Saudi Arabia"
"4bYRgX","vz05GD","2024-12-23 18:03:35","","","","","","","","لا خبرة","","","","","","","","","","","","","Saudi Arabia"
"PqQGPe","jzGL1a","2024-12-24 02:11:53","مصر","الذكاء الاصطناعي AI","false","false","false","false","true","لا خبرة","شغف شخصي, أهداف أكاديمية, مسار مهني, بناء مشاريع","true","true","true","true","false","برمجة التطبيقات التى استوعبها بعض الشئ ","تمارين تفاعلية, دروس مكتوبة, فيديوهات تعليمية","true","true","true","theblackwolf775@gmail.com","Egypt"
"YABvWz","6PrrrJ","2024-12-24 04:08:27","","","","","","","","","","","","","","","","","","","","","United States of America"
"EOVEQ2","XQOOOY","2024-12-24 04:08:38","","","","","","","","","","","","","","","","","","","","","United States of America"
"26dyNM","zdWWW0","2024-12-24 04:08:38","","","","","","","","","","","","","","","","","","","","","United States of America"
"R9yKYQ","8rAGDO","2024-12-24 16:45:05","","","","","","","","","","","","","","","","","","","","","Egypt"
"rZZORM","OEb7YA","2024-12-25 11:14:09","مصر","الذكاء الاصطناعي AI","false","false","false","false","true","مبتدئ","شغف شخصي","true","false","false","false","false","فيجوال بيسك نت","تمارين تفاعلية","true","false","false","daoadhamdy@gmail.com","Egypt"
"jVVyeE","Rjb52P","2024-12-25 12:06:03","مصر","الذكاء الاصطناعي AI","false","false","false","false","true","متوسط","مسار مهني","false","false","true","false","false","Swift, مجال تطوير التطبيقات, Html, css, JavaScript ","تمارين تفاعلية, فيديوهات تعليمية","true","false","true","Merohtml123@gmail.com","Egypt"
"GPPMJL","oz5YqN","2024-12-25 20:01:19","مصر","الذكاء الاصطناعي AI","false","false","false","false","true","متوسط","أخرى, شغف شخصي","true","false","false","false","true","كلهم","تمارين تفاعلية, دروس مكتوبة, فيديوهات تعليمية","true","true","true","mkrm60893@gmail.com","Egypt"
"aMMWZb","oz5YqN","2024-12-25 20:01:51","مصر","الذكاء الاصطناعي AI","false","false","false","false","true","متوسط","شغف شخصي","true","false","false","false","false","","","","","","","Egypt"
"ojPWEM","Wqjl5k","2024-12-26 09:13:59","","","","","","","","","","","","","","","","","","","","","Egypt"
"v9l5Ad","MVMeN0","2024-12-26 16:41:55","السودان","الذكاء الاصطناعي AI","false","false","false","false","true","لا خبرة","بناء مشاريع, شغف شخصي","true","false","false","true","false","python ,javascript","دروس مكتوبة, تمارين تفاعلية","true","true","false","mardoufammm@gmail.com","Sudan"
"jVKWDR","rYvENl","2024-12-26 20:45:56","السودان","الذكاء الاصطناعي AI","false","false","false","false","true","لا خبرة","شغف شخصي","true","false","false","false","false","","فيديوهات تعليمية","false","false","true","sagda123425@gmail.com","Egypt"
"ONRYJg","ZeDl2a","2024-12-26 20:48:52","الجزائر","وسائل التواصل الاجتماعي","false","true","false","false","false","","","","","","","","","","","","","","Algeria"
"J4yVD4","lzvWjB","2024-12-26 21:22:30","","","","","","","","","","","","","","","","","","","","","United States of America"
"jVK01x","OEkJ1M","2024-12-26 21:29:58","الجزائر","الذكاء الاصطناعي AI","false","false","false","false","true","لا خبرة","شغف شخصي","true","false","false","false","false","Python","تمارين تفاعلية, دروس مكتوبة, فيديوهات تعليمية","true","true","true","aymanaman22278@gmail.com","Algeria"
"7kQ4RL","OEkJ1M","2024-12-26 21:30:26","","","","","","","","","","","","","","","","دروس مكتوبة","false","true","false","","Algeria"
"AXZO70","dzz9jd","2024-12-27 11:07:39","مصر","الذكاء الاصطناعي AI","false","false","false","false","true","لا خبرة","شغف شخصي, مسار مهني","true","false","true","false","false","javascript, data science","دروس مكتوبة, فيديوهات تعليمية, تمارين تفاعلية","true","true","true","hwdtfraj@gmail.com","Egypt"
"ojWZ65","944QYG","2024-12-27 11:51:40","مصر","الذكاء الاصطناعي AI","false","false","false","false","true","لا خبرة","شغف شخصي, بناء مشاريع","true","false","false","true","false","Python'web Devlopment","تمارين تفاعلية, دروس مكتوبة, فيديوهات تعليمية","true","true","true","mr6412534@gmail.com","Egypt"
"z6PMGa","Y99JPB","2024-12-27 14:47:34","","","","","","","","","","","","","","","","","","","","","Egypt"
"R9EJZv","JoogXd","2024-12-27 16:34:19","مصر","وسائل التواصل الاجتماعي","false","true","false","false","false","مبتدئ","شغف شخصي, بناء مشاريع, أهداف أكاديمية","true","true","false","true","false",", typescript ,python , java , javascript ,react.js, node.js, web development","دروس مكتوبة, فيديوهات تعليمية, تمارين تفاعلية","true","true","true","myamydesign@gmail.com","Egypt"
"4be0Or","7EEy7A","2024-12-27 19:59:56","مصر","الذكاء الاصطناعي AI","false","false","false","false","true","مبتدئ","شغف شخصي","true","false","false","false","false","عربي","تمارين تفاعلية","true","false","false","","Egypt"
"kPMR8R","JoogXd","2024-12-28 12:32:06","مصر","وسائل التواصل الاجتماعي","false","true","false","false","false","مبتدئ","شغف شخصي, أهداف أكاديمية, مسار مهني, بناء مشاريع, فتح شركه وعمل نظام مثل windows","true","true","true","true","true","Python,  JavaScript, Web Development, react.js, node.js,c#,c++, dart, web app, ruby, more.....","تمارين تفاعلية, دروس مكتوبة, فيديوهات تعليمية","true","true","true","myamydesign@gmail.com","Egypt"
"MxkpgY","zdgZ7k","2024-12-28 18:28:47","الأردن","الذكاء الاصطناعي AI","false","false","false","false","true","مبتدئ","بناء مشاريع","false","false","false","true","false","","تمارين تفاعلية, دروس مكتوبة, فيديوهات تعليمية","true","true","true","me20atm43alek2024@gmail.com","Yemen"
"ZB4rB5","zdgZ7k","2024-12-28 18:29:02","","","","","","","","","","","","","","","","","","","","","Yemen"
"yQPZJ8","ozp2Rb","2024-12-29 08:52:42","","الذكاء الاصطناعي AI","false","false","false","false","true","لا خبرة","شغف شخصي","true","false","false","false","false","Python","","","","","","Saudi Arabia"
"KEYW87","zdO1ag","2024-12-29 13:32:47","","","","","","","","","","","","","","","","","","","","","United States of America"
"7ARppP","2oZ79j","2024-12-29 13:48:09","اليمن","","","","","","","مبتدئ","شغف شخصي","true","false","false","false","false","","فيديوهات تعليمية","false","false","true","","Yemen"
"Xax294","LOgkr1","2024-12-29 13:49:45","سوريا","محرك البحث , الذكاء الاصطناعي AI","true","false","false","false","true","مبتدئ","مسار مهني","false","false","true","false","false","javascript , html ,css , php , sql ,c++ , java,python","تمارين تفاعلية, دروس مكتوبة, فيديوهات تعليمية","true","true","true","m.ibrahim.danno@gmail.com","Germany"
"PxdGQ0","LOgkr1","2024-12-29 13:50:01","","","","","","","","","","","","","","","","","","","","","Germany"
"O2Dk2A","jzpz8J","2024-12-29 14:05:26","المغرب","الذكاء الاصطناعي AI","false","false","false","false","true","متوسط","مسار مهني","false","false","true","false","false"," Pythoon html css java","فيديوهات تعليمية, تمارين تفاعلية","true","false","true","abdelilahboukhary@gmail.com","Morocco"
"KEpV7V","WqdJYk","2024-12-29 20:36:13","","","","","","","","","","","","","","","","","","","","","United States of America"
"AgrBoz","Q4yoYX","2024-12-29 20:39:50","اليمن","الذكاء الاصطناعي AI","false","false","false","false","true","لا خبرة","مسار مهني","false","false","true","false","false","العربيه
","تمارين تفاعلية","true","false","false","blyghthabt4@gmail.com","Yemen"
"kobE6J","Q4yoYX","2024-12-29 20:40:18","","","","","","","","","","","","","","","","","","","","blyghthabt4@gmail.com","Yemen"
"jReO4x","ZeygW0","2024-12-30 06:28:06","","","","","","","","","","","","","","","","","","","","","Egypt"
"AgzNJW","LON7rO","2024-12-30 12:10:32","مصر","محرك البحث ","true","false","false","false","false","لا خبرة","شغف شخصي","true","false","false","false","false","","تمارين تفاعلية","true","false","false","mourad.roshdy@ghabbour.com","Egypt"
"QZMEgl","rY1Q9o","2024-12-30 17:52:00","اليمن","محرك البحث ","true","false","false","false","false","مبتدئ","مسار مهني, شغف شخصي, أهداف أكاديمية, بناء مشاريع","true","true","true","true","false","","تمارين تفاعلية, دروس مكتوبة","true","true","false","","Germany"
"NjDgdG","1Ry0jg","2024-12-30 18:07:44","","","","","","","","","","","","","","","","","","","","","United States of America"
"r4jyGM","Wqg8Ya","2024-12-30 20:17:26","","الذكاء الاصطناعي AI","false","false","false","false","true","لا خبرة","مسار مهني","false","false","true","false","false","سي بلاس بلاس 
قواعد بيانات بشكل عام 
شبكات وسرفرات
تحليل وتصميم نظم 
جافا
ذكاء اصطناعي 
تطوير ااويب 
الازسان والحاسوب
كل شئ
","تمارين تفاعلية, دروس مكتوبة, فيديوهات تعليمية","true","true","true","waylbaltarykh@gmail.com","Yemen"
"XarjJz","Wqg8Ya","2024-12-30 20:19:38","اليمن","الذكاء الاصطناعي AI","false","false","false","false","true","لا خبرة","مسار مهني","false","false","true","false","false","كل شئ","تمارين تفاعلية, دروس مكتوبة, فيديوهات تعليمية","true","true","true","waylbaltarykh@gmail.com","Yemen"
"XaoXy4","jzX9NY","2024-12-31 16:25:51","المغرب","الذكاء الاصطناعي AI","false","false","false","false","true","لا خبرة","شغف شخصي, بناء مشاريع","true","false","false","true","false","Python and Javascript ","دروس مكتوبة, تمارين تفاعلية, فيديوهات تعليمية","true","true","true","romaysaabou@gmail.com","Morocco"
"4675Vo","jzX9NY","2024-12-31 16:26:31","","","","","","","","","","","","","","","","","","","","","Morocco"
"D8747q","KGAWDz","2024-12-31 17:27:47","","","","","","","","","","","","","","","رسومات الرسومات الخياليه 
","تمارين تفاعلية","true","false","false","rakankhetomi@gmail.com","Libya"
"1e9X9b","1RzpLW","2024-12-31 17:56:58","","","","","","","","","","","","","","","","","","","","","Egypt"
"7ANxb9","MVMeN0","2024-12-31 19:57:35","","","","","","","","","","","","","","","","","","","","","Sudan"
"dMdxpN","4OYP7k","2025-01-01 08:06:12","","","","","","","","","","","","","","","","","","","","","United States of America"
"xqDLKr","kzXyxr","2025-01-01 08:12:22","السودان","الذكاء الاصطناعي AI","false","false","false","false","true","لا خبرة","شغف شخصي, أهداف أكاديمية","true","true","false","false","false","تصميم الفيديوهات ","تمارين تفاعلية, دروس مكتوبة, فيديوهات تعليمية","true","true","true","hossnasalim56@gmail.com","Germany"
"2WNo4M","OEqbBk","2025-01-01 22:15:23","","","","","","","","","","","","","","","","","","","","","Morocco"
"xqd8od","94jBVX","2025-01-02 17:26:39","مصر","الذكاء الاصطناعي AI","false","false","false","false","true","لا خبرة","شغف شخصي","true","false","false","false","false","Python, JavaScript, Web Development, Data Science","فيديوهات تعليمية, تمارين تفاعلية","true","false","true","dr_shemy28@yahoo.com","Egypt"
"r4l8XM","94jBVX","2025-01-02 17:27:36","","","","","","","","","","","","","","","","","","","","","Egypt"
"ER0PKN","Wq7R4J","2025-01-03 06:15:50","","","","","","","","","","","","","","","","","","","","","Egypt"
"46vN5k","OE2Kxk","2025-01-03 22:36:58","مصر","الذكاء الاصطناعي AI","false","false","false","false","true","لا خبرة","مسار مهني","false","false","true","false","false","Web development","تمارين تفاعلية","true","false","false","asmaagamsl09@gmail.com","Egypt"
"glZgxM","8rBXe5","2025-01-04 00:39:02","مصر","الذكاء الاصطناعي AI","false","false","false","false","true","مبتدئ","بناء مشاريع, مسار مهني","false","false","true","true","false","","تمارين تفاعلية, فيديوهات تعليمية","true","false","true","","Egypt"
"ERJVPA","2opM5L","2025-01-04 12:45:37","السودان","الذكاء الاصطناعي AI","false","false","false","false","true","لا خبرة","شغف شخصي","true","false","false","false","false","Python","فيديوهات تعليمية","false","false","true","Muneebabdu95@gmail.com","Egypt"
"LrJrll","qzyaPY","2025-01-04 13:29:37","مصر","محرك البحث , صديق أو عائلة, الذكاء الاصطناعي AI","true","false","true","false","true","مبتدئ","شغف شخصي, أهداف أكاديمية, مسار مهني, بناء مشاريع","true","true","true","true","false","","تمارين تفاعلية, دروس مكتوبة, فيديوهات تعليمية","true","true","true","ahmed146gaming@gmail.com","Egypt"
"eJ71YQ","OERAzK","2025-01-04 14:24:55","اليمن","الذكاء الاصطناعي AI","false","false","false","false","true","مبتدئ","أهداف أكاديمية","false","true","false","false","false","Python, SQL ","تمارين تفاعلية, دروس مكتوبة, فيديوهات تعليمية","true","true","true","ahmedgamal737604@gmail.com","Yemen"
"GGBYVj","1RjaeO","2025-01-04 18:04:06","مصر","محرك البحث , وسائل التواصل الاجتماعي, صديق أو عائلة, الذكاء الاصطناعي AI","true","true","true","false","true","متوسط","موهبة","false","false","false","false","true","Html 
Css
J.s
","فيديوهات تعليمية, تمارين تفاعلية, دروس مكتوبة","true","true","true","jooy2299@gmail.com","France"
"Y6oDBq","MVByXg","2025-01-04 23:43:00","الأردن","الذكاء الاصطناعي AI","false","false","false","false","true","مبتدئ","بناء مشاريع","false","false","false","true","false","بايثون و c++","تمارين تفاعلية","true","false","false","shahedalkswani@668.gimal.com","Jordan"
"xq0xA9","MVByXg","2025-01-04 23:48:17","الأردن","الذكاء الاصطناعي AI","false","false","false","false","true","مبتدئ","أهداف أكاديمية, بناء مشاريع","false","true","false","true","false","++c 
Python","تمارين تفاعلية","true","false","false","shahedlakswani@gmail.com","Jordan"
"QZxKV7","MVByXg","2025-01-04 23:48:24","","","","","","","","","","","","","","","","","","","","","Jordan"
"Veb8Wl","KG7yNg","2025-01-06 06:58:09","اليمن","الذكاء الاصطناعي AI","false","false","false","false","true","مبتدئ","اكتسب لغة","false","false","false","false","true",".","دروس مكتوبة","false","true","false","mohmmedalsharabi77@gmail.com","Yemen"
"vZJoMX","zbXj0k","2025-01-06 11:11:46","","","","","","","","","","","","","","","","","","","","","Saudi Arabia"
"lGvZQk","oxboxO","2025-01-06 21:12:06","المغرب","محرك البحث ","true","false","false","false","false","لا خبرة","بناء مشاريع","false","false","false","true","false","Python","فيديوهات تعليمية","false","false","true","amigosgos88@gmail.com","Morocco"
"pEv1eV","oxboxO","2025-01-06 21:13:08","المغرب","محرك البحث ","true","false","false","false","false","لا خبرة","شغف شخصي","true","false","false","false","false","Python","فيديوهات تعليمية","false","false","true","amigosgos88@gmail.com","Morocco"
"Pxrqb1","ZQ9O1o","2025-01-07 06:33:53","مصر","الذكاء الاصطناعي AI","false","false","false","false","true","مبتدئ","بناء مشاريع","false","false","false","true","false","الباثيون ","فيديوهات تعليمية","false","false","true","","Egypt"
"09AqZ9","0AVR5Z","2025-01-07 12:45:45","السودان","محرك البحث ","true","false","false","false","false","مبتدئ","شغف شخصي","true","false","false","false","false","A","دروس مكتوبة","false","true","false","BASHARIn52@","Libya"
"D8YMjZ","DWKq8p","2025-01-07 22:11:21","","","","","","","","","","","","","","","","","","","","","France"
"D8PjQb","G79ape","2025-01-08 14:05:20","السعودية","محرك البحث ","true","false","false","false","false","","","","","","","","","","","","","","Yemen"
"O2eW4p","5O9ErZ","2025-01-08 19:37:03","","الذكاء الاصطناعي AI","false","false","false","false","true","مبتدئ","مسار مهني","false","false","true","false","false","Flutter, dart, vuejs, laravel ","فيديوهات تعليمية, دروس مكتوبة, تمارين تفاعلية","true","true","true","alnaseem2022@gmail.com","Yemen"
"lG9PXp","5O9ErZ","2025-01-08 19:40:45","اليمن","الذكاء الاصطناعي AI","false","false","false","false","true","مبتدئ","مسار مهني","false","false","true","false","false"," ","فيديوهات تعليمية, دروس مكتوبة, تمارين تفاعلية","true","true","true","alnaseem2022@gmail.com","Yemen"
"qr7xK8","gOqYWN","2025-01-08 19:45:24","","","","","","","","","","","","","","","","","","","","","United States of America"
"bpEB27","krGKKJ","2025-01-08 19:46:20","اليمن","الذكاء الاصطناعي AI","false","false","false","false","true","مبتدئ","مسار مهني","false","false","true","false","false","","تمارين تفاعلية, دروس مكتوبة, فيديوهات تعليمية","true","true","true","alnaseem2022@gmail.com","Yemen"
"Lrj5Gv","Yq4xAJ","2025-01-09 06:13:55","اليمن","الذكاء الاصطناعي AI","false","false","false","false","true","مبتدئ","مسار مهني, شغف شخصي","true","false","true","false","false","","دروس مكتوبة, تمارين تفاعلية, فيديوهات تعليمية","true","true","true","alnaseem2022@gmail.com","Yemen"
"M4ZzYM","2RPj7M","2025-01-09 11:15:48","العراق","محرك البحث , وسائل التواصل الاجتماعي, صديق أو عائلة, الذكاء الاصطناعي AI","true","true","true","false","true","لا خبرة","بناء مشاريع","false","false","false","true","false","html","فيديوهات تعليمية","false","false","true","jaferhussen566@gmail.com","Iraq"
"O2q5bK","2RPj7M","2025-01-09 11:16:05","","","","","","","","","","","","","","","","","","","","","Iraq"
"jR4759","4GrKVY","2025-01-09 12:09:04","","","","","","","","","","","","","","","","","","","","","United States of America"
"NjZMlG","8EK6xY","2025-01-10 08:43:45","","","","","","","","","","","","","","","","","","","","","United States of America"
"jRV56R","gO0JG1","2025-01-10 08:45:43","العراق","الذكاء الاصطناعي AI","false","false","false","false","true","لا خبرة","بناء مشاريع, شغف شخصي","true","false","false","true","false","GDSCRIPT","دروس مكتوبة","false","true","false","typesvergil@gmail.com","Iraq"
"46b9xO","gO0JG1","2025-01-10 08:54:22","","","","","","","","","","","","","","","","","","","","","Iraq"
"Y66D7v","x6pGDr","2025-01-10 12:14:51","مصر","الذكاء الاصطناعي AI","false","false","false","false","true","لا خبرة","مسار مهني, شغف شخصي, بناء مشاريع","true","false","true","true","false","","تمارين تفاعلية, دروس مكتوبة, فيديوهات تعليمية","true","true","true","mohamedalaqt3@gmail.com","Egypt"
"VeKLqN","2R45De","2025-01-10 18:40:13","المغرب","الذكاء الاصطناعي AI","false","false","false","false","true","لا خبرة","شغف شخصي, أهداف أكاديمية, مسار مهني, بناء مشاريع","true","true","true","true","false","لا أعرف","دروس مكتوبة, تمارين تفاعلية, فيديوهات تعليمية","true","true","true","am8415209@gmail.com","Morocco"
"P79prQ","gOYB4J","2025-01-12 13:02:24","مصر","محرك البحث ","true","false","false","false","false","لا خبرة","شغف شخصي","true","false","false","false","false","css\html\javascript
","تمارين تفاعلية, دروس مكتوبة, فيديوهات تعليمية","true","true","true","mh1084387@gmail.com","Egypt"
"k2EEve","dRkeoz","2025-01-12 18:31:59","السعودية","الذكاء الاصطناعي AI","false","false","false","false","true","لا خبرة","بناء مشاريع","false","false","false","true","false","Python ","فيديوهات تعليمية, تمارين تفاعلية, دروس مكتوبة","true","true","true","alrabe3y71@gmail.com","Saudi Arabia"
"AEJJR0","8E2dk5","2025-01-13 09:35:31","السودان","الذكاء الاصطناعي AI","false","false","false","false","true","لا خبرة","شغف شخصي","true","false","false","false","false","برمجه الهاتف واريد تعليم تصميم الالعاب وغيرها من البرامج الاخرى","دروس مكتوبة","false","true","false","mohammed0129447602@gaimel.com","Sudan"
"zkzZZM","8E2dk5","2025-01-13 09:39:56","السودان","الذكاء الاصطناعي AI","false","false","false","false","true","لا خبرة","","false","false","false","false","false","برمجه الهواتف والتصاميم مثل الالعاب والمواقع وغيرها","دروس مكتوبة, تمارين تفاعلية","true","true","false","mohammed0129447602@gaimel.com","Sudan"
"vlJax4","dRJKJA","2025-01-14 06:09:28","اليمن","محرك البحث , وسائل التواصل الاجتماعي","true","true","false","false","false","مبتدئ","شغف شخصي","true","false","false","false","false","بايثون","تمارين تفاعلية","true","false","false","KhairAllaha@gmail.com","Yemen"
"E2655X","dRJKJA","2025-01-14 20:21:48","","","","","","","","","","","","","","","","","","","","","Yemen"
"zkoVN0","y7VDrX","2025-01-15 07:17:27","","صديق أو عائلة","false","false","true","false","false","مبتدئ","شغف شخصي, بناء مشاريع","true","false","false","true","false","Python","تمارين تفاعلية","true","false","false","ahsn51868@gmail.com","Iraq"
"eVlbzx","y7VDrX","2025-01-15 07:35:07","العراق","الذكاء الاصطناعي AI","false","false","false","false","true","مبتدئ","شغف شخصي","true","false","false","false","false","Python","فيديوهات تعليمية","false","false","true","ahsn51868@gmail.com","Iraq"
"AEOOkz","PPVKEx","2025-01-15 11:31:04","مصر","وسائل التواصل الاجتماعي","false","true","false","false","false","مبتدئ","أهداف أكاديمية, مسار مهني, شغف شخصي, بناء مشاريع","true","true","true","true","false","ميكروسفت اكسيس","فيديوهات تعليمية","false","false","true","tohamysaeed93@gmail.com","Egypt"
"Y1K12B","2RMjA9","2025-01-15 12:35:19","","الذكاء الاصطناعي AI","false","false","false","false","true","مبتدئ","بناء مشاريع","false","false","false","true","false","","دروس مكتوبة, تمارين تفاعلية, فيديوهات تعليمية","true","true","true","abwalghythalghythy00@gmail.com","Yemen"
"GZjM0e","2RMjA9","2025-01-15 12:36:50","","","","","","","","","","","","","","","C++
","","","","","abwalghythalghythy00@gmail.com","Yemen"
"AENJ4D","al80aZ","2025-01-15 14:49:06","السودان","الذكاء الاصطناعي AI","false","false","false","false","true","لا خبرة","شغف شخصي","true","false","false","false","false",", Python, javascript","فيديوهات تعليمية, دروس مكتوبة, تمارين تفاعلية","true","true","true","abueloa7@gmail.com","France"
"boXkP6","al80aZ","2025-01-15 14:53:04","السودان","الذكاء الاصطناعي AI","false","false","false","false","true","لا خبرة","شغف شخصي","true","false","false","false","false","Python, javascript, ","فيديوهات تعليمية, دروس مكتوبة, تمارين تفاعلية","true","true","true","abueloa7@gmail.com","France"
"Dj9Jaq","6VXQdo","2025-01-15 15:18:41","السعودية","الذكاء الاصطناعي AI","false","false","false","false","true","مبتدئ","شغف شخصي","true","false","false","false","false","امن السيبراني ","فيديوهات تعليمية","false","false","true","ssd296217@gmail.com","Saudi Arabia"
"E2eJVA","6VXQdo","2025-01-15 15:19:14","","","","","","","","","","","","","","","","","","","","","Saudi Arabia"
"Djj7ol","NErbzj","2025-01-17 13:26:53","","","","","","","","","","","","","","","","","","","","","United States of America"
"O667qa","WQ2K4v","2025-01-17 13:26:54","","","","","","","","","","","","","","","","","","","","","United States of America"
"AEEOje","JGqPad","2025-01-17 16:23:47","","","","","","","","","","","","","","","","","","","","","United States of America"
"98ZXaY","gOYB4J","2025-01-18 15:28:33","","","","","","","","","","","","","","","","","","","","","Egypt"
"rXyV62","82xzb5","2025-01-19 17:31:35","الأردن","محرك البحث ","true","false","false","false","false","متوسط","شغف شخصي, أهداف أكاديمية, بناء مشاريع, التطوير من نفسي للحصول على أفضل وظيفة","true","true","false","true","true","Ful stack ,web development ,html,css, JavaScript,php","تمارين تفاعلية, دروس مكتوبة, فيديوهات تعليمية","true","true","true","lamaqaralleh1@gmail.com","Jordan"
"zVXZ4g","82xzb5","2025-01-19 17:32:00","","","","","","","","","","","","","","","","","","","","","Jordan"
"zVxrzM","ZWaMae","2025-01-20 02:40:36","مصر","وسائل التواصل الاجتماعي","false","true","false","false","false","لا خبرة","بناء مشاريع","false","false","false","true","false","JavaScript","فيديوهات تعليمية","false","false","true","daalsyad793@gmail.com","Egypt"
"jKa729","ZWaMae","2025-01-20 02:40:56","","","","","","","","","","","","","","","","","","","","","Egypt"
"pgrQ8y","7jWeXP","2025-01-20 17:24:08","","","","","","","","","","","","","","","","","","","","","Yemen"
"qyad95","Orz6kK","2025-01-20 19:35:55","","","","","","","","","","","","","","","","","","","","","Egypt"
"Ak2Pko","YeZozq","2025-01-21 01:17:03","مصر","الذكاء الاصطناعي AI","false","false","false","false","true","مبتدئ","مسار مهني","false","false","true","false","false","JavaScript","تمارين تفاعلية, دروس مكتوبة, فيديوهات تعليمية","true","true","true","alaaadelsaudi2003@gmail.com","Egypt"
"Epdke4","YeZozq","2025-01-21 01:26:24","","","","","","","","","","","","","","","","","","","","","Egypt"
"d7a5qd","P4Ej7e","2025-01-21 08:45:10","","محرك البحث , وسائل التواصل الاجتماعي, صديق أو عائلة, الذكاء الاصطناعي AI","true","true","true","false","true","مبتدئ","مسار مهني, أريد اتقن عملي في البرمجة","false","false","true","false","true","لغات كثيرة أريد تعلم البرمجة ","فيديوهات تعليمية, دروس مكتوبة, تمارين تفاعلية","true","true","true","yanuf2040yn@gmail.com","Saudi Arabia"
"Epd41q","7jDRXA","2025-01-21 08:45:55","","","","","","","","","","","","","","","","","","","","","United States of America"
"22rvbM","ygqZ28","2025-01-23 10:09:39","","","","","","","","","","","","","","","","","","","","","United States of America"
"ZxJYP5","82poal","2025-01-23 10:09:39","","","","","","","","","","","","","","","","","","","","","United States of America"
"lp7Gak","kgOkNj","2025-01-24 07:19:01","مصر","الذكاء الاصطناعي AI","false","false","false","false","true","مبتدئ","شغف شخصي","true","false","false","false","false","web development ","تمارين تفاعلية","true","false","false","dert2011@gmail.com","Egypt"
"Zxz7a0","kgOkNj","2025-01-24 07:19:14","","","","","","","","","","","","","","","","","","","","","Egypt"
"L8Mra1","EAvQrr","2025-01-24 13:06:20","","","","","","","","","","","","","","","","","","","","","United States of America"
"gBNlJd","jg5Qq4","2025-01-24 13:07:30","مصر","محرك البحث ","true","false","false","false","false","لا خبرة","","","","","","","هل","تمارين تفاعلية","true","false","false","قعقعقعع","Jordan"
"VrbbjJ","ggko2P","2025-01-25 16:14:55","الأردن","الذكاء الاصطناعي AI","false","false","false","false","true","لا خبرة","مسار مهني","false","false","true","false","false","Web development ","فيديوهات تعليمية, دروس مكتوبة","false","true","true","dsiwees@hotmail.com","Jordan"
"aWaG0b","NEd8aQ","2025-01-25 23:25:58","","محرك البحث ","true","false","false","false","false","لا خبرة","شغف شخصي","true","false","false","false","false","python ","تمارين تفاعلية","true","false","false","abdoahmedcleanful@gmail.com","Egypt"
"89Rep5","NEd8aQ","2025-01-25 23:26:07","","","","","","","","","","","","","","","","","","","","","Egypt"
"rXkEW5","bgvKq0","2025-01-25 23:31:33","مصر","محرك البحث ","true","false","false","false","false","لا خبرة","شغف شخصي","true","false","false","false","false","python ","تمارين تفاعلية","true","false","false","abdoahmed305070@gmail.com","Egypt"
"5NMMOP","KOGLdV","2025-01-26 12:19:33","","","","","","","","","","","","","","","","","","","","","Morocco"
"Y2eVev","GkkQ62","2025-01-27 11:53:37","مصر","الذكاء الاصطناعي AI","false","false","false","false","true","لا خبرة","مسار مهني, شغف شخصي","true","false","true","false","false","data science
python
web development","فيديوهات تعليمية, دروس مكتوبة, تمارين تفاعلية","true","true","true","mohamedreda7968@gmail.com","Egypt"
"xG1qdy","LVyLq1","2025-01-28 09:19:07","مصر","محرك البحث , وسائل التواصل الاجتماعي, صديق أو عائلة, الذكاء الاصطناعي AI, طرق أخرى","true","true","true","true","true","لا خبرة","شغف شخصي, أهداف أكاديمية, مسار مهني, بناء مشاريع","true","true","true","true","false","","تمارين تفاعلية, فيديوهات تعليمية, دروس مكتوبة","true","true","true","mohammadrawash@gmail.com","Egypt"
"EpVz0l","JGb11J","2025-01-29 02:46:30","مصر","الذكاء الاصطناعي AI","false","false","false","false","true","مبتدئ","بناء مشاريع","false","false","false","true","false","Python ","فيديوهات تعليمية, تمارين تفاعلية","true","false","true","ahmedkasim2020@gmail.com","Egypt"
"pgY6rP","Vqa0Zv","2025-01-29 13:29:46","العراق","الذكاء الاصطناعي AI","false","false","false","false","true","متوسط","مسار مهني, بناء مشاريع","false","false","true","true","false","JavaScript, Web Development","تمارين تفاعلية, دروس مكتوبة, فيديوهات تعليمية","true","true","true","mohanad.aljashaamy@gmail.com","Iraq"
"Xj6vB4","0GYxZP","2025-01-29 13:30:20","","","","","","","","","","","","","","","","","","","","","United States of America"
"5Nagqd","5rYzev","2025-01-29 13:30:20","","","","","","","","","","","","","","","","","","","","","United States of America"
"9eAY7G","Vqa0Zv","2025-01-29 13:40:48","","","","","","","","","","","","","","","","","","","","","Iraq"
"XjPYag","ak1XDE","2025-01-29 16:33:11","","","","","","","","","","","","","","","","","","","","","South Sudan"
"7QrrWA","DbO44j","2025-01-29 19:14:33","","","","","","","","","","","","","","","","","","","","","United States of America"
"jKVzx6","p5qv5q","2025-01-30 01:31:18","مصر","محرك البحث , الذكاء الاصطناعي AI","true","false","false","false","true","لا خبرة","مسار مهني","false","false","true","false","false","","تمارين تفاعلية, دروس مكتوبة, فيديوهات تعليمية","true","true","true","","Turkey"
"vRlrND","rg8YrN","2025-01-30 12:26:13","مصر","الذكاء الاصطناعي AI","false","false","false","false","true","مبتدئ","","","","","","","","","","","","","Egypt"
"8OzDN5","Gk2KKe","2025-02-03 00:45:54","","","","","","","","","","","","","","","","","","","","","United States of America"
"drNGbo","P4aDD1","2025-02-03 00:45:55","","","","","","","","","","","","","","","","","","","","","United States of America"
"J76Aa4","RgGNEQ","2025-02-04 12:13:24","","","","","","","","","","","","","","","","","","","","","Egypt"
"Rp0zQd","Yg52WW","2025-02-04 12:25:33","","","","","","","","","","","","","","","","","","","","","Palestine, State of"
"AZq4ak","4q7LrX","2025-02-06 02:39:25","السعودية","محرك البحث ","true","false","false","false","false","لا خبرة","شغف شخصي, بناء مشاريع, مسار مهني","true","false","true","true","false"," JavaScript,","تمارين تفاعلية, فيديوهات تعليمية","true","false","true","sfccl1111@hotmail.com","Saudi Arabia"
"g2JyqN","DYNKAE","2025-02-07 15:39:02","","","","","","","","","","","","","","","","","","","","","United States of America"
"zldKeZ","2Z4gYA","2025-02-08 11:55:26","","الذكاء الاصطناعي AI","false","false","false","false","true","لا خبرة","بناء مشاريع","false","false","false","true","false","Java script","فيديوهات تعليمية","false","false","true","venom990v@gmail.com","Egypt"
"Y8q5d6","xoQdoo","2025-02-08 17:45:42","","الذكاء الاصطناعي AI","false","false","false","false","true","مبتدئ","شغف شخصي, مسار مهني","true","false","true","false","false","","دروس مكتوبة, تمارين تفاعلية, فيديوهات تعليمية","true","true","true","nased.kames@gmail.com","Egypt"
"jR0elQ","2opM5L","2025-02-08 23:02:00","السودان","الذكاء الاصطناعي AI","false","false","false","false","true","لا خبرة","شغف شخصي","true","false","false","false","false","Python ","فيديوهات تعليمية, دروس مكتوبة","false","true","true","Muneebabdu95@gmail.com","Egypt"
"e4P7vJ","pMGX4B","2025-02-10 01:30:44","","","","","","","","","","","","","","","","","","","","","United States of America"
"WydM1L","1xMzGl","2025-02-10 01:30:44","","","","","","","","","","","","","","","","","","","","","United States of America"
"8OVXkO","ayr9EX","2025-02-10 23:33:59","مصر","الذكاء الاصطناعي AI","false","false","false","false","true","لا خبرة","مسار مهني, أهداف أكاديمية","false","true","true","false","false","Python ,java","فيديوهات تعليمية, تمارين تفاعلية","true","false","true","comsaifmohameda877@gamil.com","Egypt"
"XX6dvL","Ygo8Ad","2025-02-11 18:51:38","الجزائر","محرك البحث ","true","false","false","false","false","مبتدئ","بناء مشاريع","false","false","false","true","false","بايثون حاليا","تمارين تفاعلية","true","false","false","bedjaouimilanomed@gmail.com","Algeria"
"zl9lv0","dp8NBy","2025-02-12 15:01:54","","","","","","","","","","","","","","","","","","","","","United States of America"
"Pxa7DP","6VvKBe","2025-02-12 15:03:58","","","","","","","","","","","","","","","","","","","","","Yemen"
"DQlByR","69PJPJ","2025-02-13 18:06:50","السودان","صديق أو عائلة","false","false","true","false","false","لا خبرة","شغف شخصي","true","false","false","false","false","python","دروس مكتوبة, فيديوهات تعليمية","false","true","true","sadgat090@gmail.com","Sudan"
"GW2K6e","69PJPJ","2025-02-13 18:08:57","السودان","صديق أو عائلة","false","false","true","false","false","لا خبرة","شغف شخصي","true","false","false","false","false","python","دروس مكتوبة","false","true","false","sadgat090@gmail.com","Sudan"
"2QjrPg","xogGx9","2025-02-14 23:50:33","","الذكاء الاصطناعي AI","false","false","false","false","true","","","","","","","","","","","","","","Saudi Arabia"
"QPo00Y","0lG4dA","2025-02-14 23:52:10","","","","","","","","","","","","","","","","","","","","","Yemen"
"0NOp4Q","KgAazV","2025-02-17 10:30:03","","","","","","","","","","","","","","","","","","","","","United States of America"
"r7eXbX","ayr9EX","2025-02-18 18:34:39","مصر","","","","","","","","","","","","","","","","","","","","Egypt"
"a7Ea7y","WgVvLJ","2025-02-18 20:34:40","مصر","الذكاء الاصطناعي AI","false","false","false","false","true","لا خبرة","شغف شخصي, بناء مشاريع","true","false","false","true","false","","تمارين تفاعلية, دروس مكتوبة, فيديوهات تعليمية","true","true","true","01065629284hhf@gmail.com","Egypt"
"V2YDPj","WgVvLJ","2025-02-18 20:34:54","","","","","","","","","","","","","","","","","","","","","Egypt"
"J5WD1X","0lXGDA","2025-02-20 14:50:52","","","","","","","","","","","","","","","","","","","","","United States of America"
"a7aKKq","0lXg66","2025-02-20 15:30:25","","","","","","","","","","","","","","","","","","","","","Israel"
"xOvdyE","xoOpR5","2025-02-20 20:17:38","","","","","","","","","","","","","","","","","","","","","United States of America"
"kMvZzj","rpzKyX","2025-02-20 20:39:08","","","","","","","","","","","","","","","","","","","","","United States of America"
"XZzqQV","qp0B45","2025-02-20 20:39:11","","","","","","","","","","","","","","","","","","","","","United States of America"
"PVP1Xe","yGWe98","2025-02-21 10:44:19","","","","","","","","","","","","","","","","","","","","","United States of America"
"BMgpxN","WgGVGR","2025-02-22 01:11:43","","وسائل التواصل الاجتماعي","false","true","false","false","false","لا خبرة","شغف شخصي, بناء مشاريع, مسار مهني","true","false","true","true","false","Python web Development 
","تمارين تفاعلية","true","false","false","alatyaya002@gmail.com","Egypt"
"oXpRBX","WgGVGR","2025-02-22 01:15:07","مصر","الذكاء الاصطناعي AI","false","false","false","false","true","لا خبرة","بناء مشاريع, مسار مهني, شغف شخصي","true","false","true","true","false","Python web Development ","تمارين تفاعلية","true","false","false","alatyaya002@gmail.com","Egypt"
"zPvp7k","KyYzKV","2025-02-22 17:58:00","مصر","الذكاء الاصطناعي AI","false","false","false","false","true","لا خبرة","مسار مهني","false","false","true","false","false","Dart","دروس مكتوبة","false","true","false","elswesye62@gmail.com","Egypt"
"4ey4zY","ZyjEZB","2025-02-22 18:28:04","","الذكاء الاصطناعي AI","false","false","false","false","true","لا خبرة","بناء مشاريع","false","false","false","true","false","لا يوجد","","","","","","Egypt"
"2QzerV","15WyN4","2025-02-23 16:23:50","","","","","","","","","","","","","","","","","","","","","United States of America"
"Molkek","qeLAy8","2025-02-23 22:59:07","المغرب","محرك البحث ","true","false","false","false","false","لا خبرة","شغف شخصي","true","false","false","false","false","Python","تمارين تفاعلية, دروس مكتوبة, فيديوهات تعليمية","true","true","true","abdelledba440@gmail.com","Morocco"
"RE1XM9","qeLAy8","2025-02-23 23:01:20","","","","","","","","","","","","","","","","","","","","","Morocco"
"oXNA15","greab4","2025-02-24 09:35:06","","","","","","","","","","","","","","","","","","","","","Egypt"
"MoWzvk","Oy7VOA","2025-02-25 11:53:51","","","","","","","","","","","","","","","","","","","","","Jordan"
"xerqKv","oQoDNX","2025-02-27 20:24:36","","","","","","","","","","","","","","","","","","","","","Yemen"
"Kq1END","j29gGQ","2025-03-01 07:49:09","العراق","صديق أو عائلة","false","false","true","false","false","مبتدئ","أهداف أكاديمية","false","true","false","false","false","C++","تمارين تفاعلية, دروس مكتوبة, فيديوهات تعليمية","true","true","true","bfysl3118@gmail.com","Iraq"
"2MPW9D","j29gGQ","2025-03-01 07:50:15","العراق","صديق أو عائلة","false","false","true","false","false","لا خبرة","أهداف أكاديمية","false","true","false","false","false","Python ","دروس مكتوبة, فيديوهات تعليمية, تمارين تفاعلية","true","true","true","bfysl3118@gmail.com","Iraq"
"4g8ZGY","YyVjqv","2025-03-02 01:16:52","مصر","الذكاء الاصطناعي AI","false","false","false","false","true","مبتدئ","مسار مهني","false","false","true","false","false","Java scrept /jQuery ","فيديوهات تعليمية, تمارين تفاعلية","true","false","true","mariamellithy824@gmail.com","Egypt"
"PaAAoP","qejPJ9","2025-03-02 05:42:07","","","","","","","","لا خبرة","","","","","","","","","","","","","Egypt"
"yWEb74","vbKXrX","2025-03-03 20:16:25","","","","","","","","","","","","","","","","","","","","","Jordan"
"KqPk5K","MyVRRl","2025-03-04 09:11:40","","","","","","","","","","","","","","","","","","","","","United States of America"
"6XrOqJ","B5eYQ7","2025-03-04 13:34:39","","","","","","","","","","","","","","","","","","","","","United States of America"
"BP8QvK","vbzaOA","2025-03-04 13:34:40","","","","","","","","","","","","","","","","","","","","","United States of America"
"G2EgBQ","Wda2ra","2025-03-08 10:20:59","","","","","","","","","","","","","","","","","","","","","Saudi Arabia"
"d5OR5A","j2VPYJ","2025-03-09 14:29:41","العراق","الذكاء الاصطناعي AI","false","false","false","false","true","لا خبرة","مسار مهني","false","false","true","false","false","العربية","فيديوهات تعليمية","false","false","true","mt19kk@gmail.com","Iraq"
"zaaWBa","GyP4Go","2025-03-09 19:43:45","مصر","الذكاء الاصطناعي AI","false","false","false","false","true","لا خبرة","شغف شخصي","true","false","false","false","false","Python","","","","","","Egypt"
"8vN91l","Wd40YQ","2025-03-10 20:02:27","","الذكاء الاصطناعي AI","false","false","false","false","true","لا خبرة","بناء مشاريع","false","false","false","true","false","","فيديوهات تعليمية, تمارين تفاعلية, دروس مكتوبة","true","true","true","ahmaeddaader4@gmail.com","Egypt"
"or9JVX","Wd40YQ","2025-03-10 20:23:33","مصر","الذكاء الاصطناعي AI","false","false","false","false","true","لا خبرة","بناء مشاريع, مسار مهني, أهداف أكاديمية","false","true","true","true","false","","تمارين تفاعلية, دروس مكتوبة, فيديوهات تعليمية","true","true","true","ahmaeddaader4@gmail.com","Egypt"