"Submission ID","Respondent ID","Submitted at","ما هو عنوان بريدك الالكتروني؟","من أي بلد أنت؟","كيف سمعت عن عرب كود؟"
"zdXR20","XYjVRz","2024-06-21 10:38:46","abdulkariemadeeb@gmail.com","سوريا","وسائل التواصل الاجتماعي"
"x6YepE","yErMLg","2024-07-11 09:24:17","elmehdimastouri@gmail.com","المغرب","Facebook"
"1BVZ0W","MJlD9k","2024-07-11 09:37:57","sudani9700@outlook.com","السودان","Facebook"
"eoNKpk","vORGNl","2024-07-13 23:07:20","aabdouabdou296@gmail.com","الجزائر","Goo"
"G7Q82o","xNXryy","2024-07-15 05:57:42","ghanemichourouk14@gmail.com","الجزائر","وسائل التواصل الاجتماعي, Facebook"
"ak44Av","XB2MvL","2024-07-24 09:00:19","alnjarb1234@gmail.com","سوريا","Facebook"
"1O47bM","V149ya","2024-07-24 09:34:04","bashaking899@gmail.com","السودان","طرق أخرى"
"X9o8Wg","LM6VN2","2024-07-24 11:42:36","mohamedrabie30@gmail.com","مصر","Facebook"
"64ZRX5","AbyBrW","2024-07-24 17:34:27","hasanalomar11114633@gmail.com","سوريا","Facebook"
"akZgP2","xNEBNJ","2024-07-29 19:58:14","bm183413@gmail.com","مصر","وسائل التواصل الاجتماعي, Facebook"
"4EPRe5","JkbZ1Y","2024-07-29 20:25:46","ahmedsmmeg@gmail.com","مصر","Facebook, صديق أو عائلة, وسائل التواصل الاجتماعي, Goo, طرق أخرى, YouTube"
"yge8pW","AbNNVy","2024-07-29 20:57:40","bhaa.omar.545@gmail.com","سوريا","Facebook"
"4EYLbb","OBvYOA","2024-08-03 06:49:22","jadelkarim@gmail.com","مصر","Facebook"
"LV2byJ","xNkard","2024-08-04 20:44:13","hichamdesign500@gmail.com","المغرب","صديق أو عائلة"
"DYN4Lq","LEdoJJ","2024-08-09 13:57:28","younessbouhamou92@gmail.com","المغرب","Facebook"
"7evLy9","41LWOX","2024-08-11 18:24:53","mouadili.jobs@gmail.com","المغرب","صديق أو عائلة"
"ZgB5Je","eNPLao","2024-08-19 21:17:38","adjlan914@gmail.com","العراق","Goo, وسائل التواصل الاجتماعي"
"55lPdN","e95Ljq","2024-08-28 21:31:31","abubakerawad1980@gmail.com","السودان","Goo"
"Ly8El1","zWJkbR","2024-09-04 07:13:34","afaqjadue@gmail.com","العراق","طرق أخرى"
"g1B0RM","gWyvlK","2024-09-18 02:12:35","abdo.9nh@gmail.com","مصر","وسائل التواصل الاجتماعي, YouTube, Goo"
"yp9QbX","Zv2p9o","2024-09-22 10:00:25","mojtbanasr10@gmail.com","العراق","وسائل التواصل الاجتماعي, Facebook"
"oaJXB1","pRMeRq","2024-10-01 07:01:00","moontears162008@gmail.com","الأردن","Goo, طرق أخرى"
"MlZEQA","QzRr5A","2024-10-12 07:58:02","khaledfarghli9@gmail.com","مصر","وسائل التواصل الاجتماعي"
"eGOYBk","pJpP0V","2024-10-24 20:35:10","sabrina3bella@gmail.com","المغرب","وسائل التواصل الاجتماعي, Goo, صديق أو عائلة"
"l2rNJB","lMBWz5","2024-10-30 14:39:49","zabadyEG@icloud.com","مصر","صديق أو عائلة"
"GEOMEQ","M76LZk","2024-11-07 15:15:45","sjjoap@hotmail.com","الإمارات العربية المتحدة","وسائل التواصل الاجتماعي"
"z8MKva","GQVexj","2024-11-12 19:16:16","mo3athe113@gmail.com","السعودية","وسائل التواصل الاجتماعي, Goo"
"Eo1RMo","xlWQY5","2024-11-15 01:19:10","somasamr45@gmail.com","ليبيا","طرق أخرى"
"LLVJDv","zLo1z0","2024-12-04 19:21:07","raghadalshahatit@gmail.com","الأردن","طرق أخرى"
"BWVyJQ","rvQEv2","2024-12-06 10:33:41","lili@molasy.com","مصر","وسائل التواصل الاجتماعي"