"Submission ID","Respondent ID","Submitted at","كيف سمعت عن عرب كود؟","كيف سمعت عن عرب كود؟ (محرك البحث )","كيف سمعت عن عرب كود؟ (وسائل التواصل الاجتماعي)","كيف سمعت عن عرب كود؟ (صديق أو عائلة)","كيف سمعت عن عرب كود؟ (الذكاء الاصطناعي AI)","كيف سمعت عن عرب كود؟ (طرق أخرى)","ما هو مستواك الحالي في البرمجة؟","لماذا تريد تعلم البرمجة؟","لماذا تريد تعلم البرمجة؟ (شغف شخصي)","لماذا تريد تعلم البرمجة؟ (أهداف أكاديمية)","لماذا تريد تعلم البرمجة؟ (مسار مهني)","لماذا تريد تعلم البرمجة؟ (بناء مشاريع)","لماذا تريد تعلم البرمجة؟ (أخرى)","ما هي لغات البرمجة أو التقنيات التي تهتم بها أكثر؟","إذا كانت المنصة توفر دروسًا عملية، مشاريع، ودعمًا مستمرًا باللغة العربية، كم ستكون مستعدًا للدفع شهريًا؟","ما هي الميزات التي تجعلك تفكر في الاشتراك المدفوع؟","هل استخدمت أيًا من هذه المنصات لتعلم البرمجة؟","هل استخدمت أيًا من هذه المنصات لتعلم البرمجة؟ (YouTube (يوتيوب))","هل استخدمت أيًا من هذه المنصات لتعلم البرمجة؟ (Udemy (يوديمي))","هل استخدمت أيًا من هذه المنصات لتعلم البرمجة؟ (Coursera (كورسيرا))","هل استخدمت أيًا من هذه المنصات لتعلم البرمجة؟ (LeetCode (ليت كود))","هل استخدمت أيًا من هذه المنصات لتعلم البرمجة؟ (Exercism)","هل استخدمت أيًا من هذه المنصات لتعلم البرمجة؟ (أخرى (اذكرها))","ما هو عنوان بريدك الالكتروني؟","Respondent's country"
"ab9qrX","E6D6GL","2025-03-11 02:08:03","","","","","","","","","","","","","","","","","","false","false","false","false","false","false","","United Kingdom of Great Britain and Northern Ireland"
"K71qdM","WdGY4R","2025-03-12 09:42:30","","","","","","","","","","","","","","","","","","","","","","","","","United States of America"
"PM5415","qex8Gg","2025-03-12 12:37:20","","","","","","","","","","","","","","","","","","","","","","","","","Jordan"
"56e8BQ","JxOQo4","2025-03-15 01:54:52","الذكاء الاصطناعي AI","false","false","false","true","false","لا خبرة","شغف شخصي","true","false","false","false","false","","لن أدفع وأفضل المجاني","دورات تفاعلية منظمة للمبتدئين","YouTube (يوتيوب)","true","false","false","false","false","false","amyralwd137@gmail.com","Sudan"
"NKbM4W","JxOQo4","2025-03-15 01:58:42","الذكاء الاصطناعي AI","false","false","false","true","false","لا خبرة","شغف شخصي","true","false","false","false","false","","لن أدفع وأفضل المجاني","مشاريع حقيقية وتطبيقات عملية, دورات تفاعلية منظمة للمبتدئين","YouTube (يوتيوب)","true","false","false","false","false","false","amyralwd5@gmail.com","Sudan"
"NKPdEG","0yx7eB","2025-03-16 01:47:50","","","","","","","","","","","","","","","","","","","","","","","","","United States of America"
"bBzvDe","l1yq6N","2025-03-16 01:47:55","","","","","","","","","","","","","","","","","","","","","","","","","United States of America"
"GNb5g2","QWDM7G","2025-03-16 01:48:08","","","","","","","","","","","","","","","","","","","","","","","","","United States of America"
"kDzvxJ","Jx6dzR","2025-03-16 01:48:16","","","","","","","","","","","","","","","","","","","","","","","","","United States of America"
"OpKJ5p","DP5rLX","2025-03-17 20:35:00","وسائل التواصل الاجتماعي","false","true","false","false","false","مبتدئ","شغف شخصي","true","false","false","false","false","عربيه","لن أدفع وأفضل المجاني","","أخرى (اذكرها)","false","false","false","false","false","true","","Saudi Arabia"
"0QrrJ96","2yokRD","2025-03-20 17:33:15","","","","","","","","","","","","","","","","","","","","","","","","","United States of America"
"q4ZDQ87","Peeaod","2025-03-21 10:46:25","","","","","","","","","","","","","","","","","","","","","","","","","United States of America"
"Bz4dRQe","DPE40N","2025-03-21 10:57:34","","","","","","","","","","","","","","","","","","","","","","","","","United States of America"
"WO9NeQR","qM1MGg","2025-03-22 09:17:55","الذكاء الاصطناعي AI","false","false","false","true","false","لا خبرة","بناء مشاريع, مسار مهني, أهداف أكاديمية, شغف شخصي","true","true","true","true","false","بايثون","أكثر من 20 دولار","دورات تفاعلية منظمة للمبتدئين, مشاريع حقيقية وتطبيقات عملية, مجتمع دعم عربي (منتدى أو جروب), تحديات وبرامج تدريبية مثل LeetCode, شهادات عند إتمام الكورسات","YouTube (يوتيوب), Udemy (يوديمي), Coursera (كورسيرا), LeetCode (ليت كود), Exercism","true","true","true","true","true","false","wmoqdam@gmail.com","Saudi Arabia"
"aQN6jPX","O9M95R","2025-03-22 09:18:08","","","","","","","","","","","","","","","","","","","","","","","","","United States of America"
"Np5649O","x151a5","2025-03-22 09:19:45","","","","","","","","","","","","","","","","","","","","","","","","","Saudi Arabia"
"q4Zdzp2","agqJWq","2025-03-22 10:00:23","","","","","","","","","","","","","","","","","","","","","","","","","United States of America"
"Np509Mj","x1Ay2v","2025-03-23 01:21:10","","","","","","","","","","","","","","","","","","","","","","","","","Palestine, State of"
"44XLgpd","LN80P2","2025-03-23 10:51:08","","","","","","","","","","","","","","","","","","","","","","","","","United States of America"
"2E8oxEL","8gqb4O","2025-03-24 10:38:40","محرك البحث ","true","false","false","false","false","مبتدئ","بناء مشاريع","false","false","false","true","false","","أقل من 10 دولار","مشاريع حقيقية وتطبيقات عملية","YouTube (يوتيوب)","true","false","false","false","false","false","bashahmw19@gmail.com","Egypt"
"jaD81Vx","7gDa16","2025-03-25 19:20:33","","","","","","","","","","","","","","","","","","","","","","","","","Palestine, State of"
"A7PE9yN","AODKdo","2025-03-26 13:42:57","صديق أو عائلة","false","false","true","false","false","مبتدئ","شغف شخصي","true","false","false","false","false","","10 الى 20 دولار","دورات تفاعلية منظمة للمبتدئين","LeetCode (ليت كود)","false","false","false","true","false","false","","Saudi Arabia"
"Gxxpa1Q","4DGreO","2025-03-28 01:36:55","","","","","","","","","","","","","","","","","","","","","","","","","United States of America"
"xXXDEZk","jqEPOR","2025-03-28 01:37:06","","","","","","","","","","","","","","","","","","","","","","","","","United States of America"
"ZjjOXl5","2gRPMp","2025-03-28 01:37:06","","","","","","","","","","","","","","","","","","","","","","","","","United States of America"
"GxxpaLO","0gAO2Z","2025-03-28 01:37:11","","","","","","","","","","","","","","","","","","","","","","","","","United States of America"
"Meez85k","5gQv7M","2025-03-28 12:09:58","","","","","","","","","","","","","","","","","","","","","","","","","United States of America"
"444koMA","vv16Wd","2025-03-28 23:04:37","الذكاء الاصطناعي AI","false","false","false","true","false","مبتدئ","مسار مهني, بناء مشاريع","false","false","true","true","false","Python. Data Science","لن أدفع وأفضل المجاني","","YouTube (يوتيوب)","true","false","false","false","false","false","hassan.abughffa@gmail.com","Libya"
"Gxx7PGe","WkyjoJ","2025-03-31 19:36:54","","","","","","","","","","","","","","","","","","","","","","","","","Morocco"
"BzzyVM1","z4yeMq","2025-04-03 11:18:16","","","","","","","","","","","","","","","","","","","","","","","","","United States of America"
"MeeWybY","dXaLxq","2025-04-03 15:19:53","الذكاء الاصطناعي AI","false","false","false","true","false","لا خبرة","عشان اشتغل بيها","false","false","false","false","true","Java","لن أدفع وأفضل المجاني","دورات تفاعلية منظمة للمبتدئين","","","","","","","","adammhamed237@gmail.com","Egypt"
"aQOjJ0X","PL8G4V","2025-04-07 12:35:58","وسائل التواصل الاجتماعي","false","true","false","false","false","لا خبرة","شغف شخصي","true","false","false","false","false","Python ","أقل من 10 دولار","دورات تفاعلية منظمة للمبتدئين","YouTube (يوتيوب)","true","false","false","false","false","false","nanocamy@gmail.com","Morocco"
"xXV0b6G","PL8G4V","2025-04-07 12:36:09","","","","","","","","","","","","","","","","","","","","","","","","","Morocco"
"ob9K0dX","D9Ao95","2025-04-07 19:16:25","وسائل التواصل الاجتماعي","false","true","false","false","false","متوسط","","","","","","","","","","","","","","","","","","Morocco"
"lbagxP5","QpEd9X","2025-04-09 01:35:09","","","","","","","","","","","","","","","","","","","","","","","","","United States of America"
"GxekZ2j","e8oLOl","2025-04-09 01:35:10","","","","","","","","","","","","","","","","","","","","","","","","","United States of America"
"J91EQQX","kXQVBJ","2025-04-10 17:20:09","وسائل التواصل الاجتماعي","false","true","false","false","false","مبتدئ","أخرى","false","false","false","false","true","","","","","","","","","","","","Tunisia"
"A7rEL1N","kXjW41","2025-04-11 11:17:29","","","","","","","","","","","","","","","","","","","","","","","","","United States of America"
"7RqROkP","4RM67Y","2025-04-13 11:49:46","","false","false","false","false","false","","","","","","","","","","","","","","","","","","","Saudi Arabia"
"jaZbOMJ","WXxo9N","2025-04-14 09:16:09","الذكاء الاصطناعي AI","false","false","false","true","false","متقدم","بناء مشاريع","false","false","false","true","false","","لن أدفع وأفضل المجاني","دورات تفاعلية منظمة للمبتدئين, مجتمع دعم عربي (منتدى أو جروب), شهادات عند إتمام الكورسات","Coursera (كورسيرا), LeetCode (ليت كود)","false","false","true","true","false","false","hcfu","Saudi Arabia"
"RGxjdDP","PN5ek5","2025-04-17 20:59:41","محرك البحث , صديق أو عائلة, وسائل التواصل الاجتماعي, الذكاء الاصطناعي AI, 1234887777","true","true","true","true","true","متقدم","شغف شخصي, أهداف أكاديمية, مسار مهني, بناء مشاريع, 666668i8","true","true","true","true","true","Vgggg","لن أدفع وأفضل المجاني","دورات تفاعلية منظمة للمبتدئين, مشاريع حقيقية وتطبيقات عملية, مجتمع دعم عربي (منتدى أو جروب), تحديات وبرامج تدريبية مثل LeetCode, شهادات عند إتمام الكورسات","YouTube (يوتيوب), Udemy (يوديمي), Coursera (كورسيرا), LeetCode (ليت كود), Exercism, 000⁰","true","true","true","true","true","true","","France"
"44B4vOr","DoWXNb","2025-04-22 18:59:35","صديق أو عائلة","false","false","true","false","false","لا خبرة","شغف شخصي, أهداف أكاديمية, مسار مهني, بناء مشاريع","true","true","true","true","false","Python, JavaScript, Web Development, Data Science...
","لن أدفع وأفضل المجاني","شهادات عند إتمام الكورسات","YouTube (يوتيوب)","true","false","false","false","false","false","rehabsaad30@gmail.com","Algeria"
"lbqbKQW","DoWXNb","2025-04-22 19:53:03","محرك البحث , الذكاء الاصطناعي AI, , صديق أو عائلة, وسائل التواصل الاجتماعي","true","true","true","true","true","لا خبرة","شغف شخصي, بناء مشاريع, أهداف أكاديمية, مسار مهني","true","true","true","true","false","Python, JavaScript, Web Development, Data Science...
","لن أدفع وأفضل المجاني","شهادات عند إتمام الكورسات","YouTube (يوتيوب)","true","false","false","false","false","false","rehabsaad30@gmail.com","Algeria"
"lbqq5Pv","4YqYAO","2025-04-23 11:47:47","محرك البحث ","true","false","false","false","false","لا خبرة","شغف شخصي","true","false","false","false","false","JavaScript","لن أدفع وأفضل المجاني","","YouTube (يوتيوب)","true","false","false","false","false","false","","Iraq"
"jabx4lx","9YA744","2025-04-25 09:16:52","الذكاء الاصطناعي AI","false","false","false","true","false","مبتدئ","بناء مشاريع","false","false","false","true","false","Python","لن أدفع وأفضل المجاني","دورات تفاعلية منظمة للمبتدئين","YouTube (يوتيوب)","true","false","false","false","false","false","","Algeria"
"PdD4exV","zApgdM","2025-04-28 12:46:14","محرك البحث , وسائل التواصل الاجتماعي, صديق أو عائلة, الذكاء الاصطناعي AI, طرق أخرى","true","true","true","true","true","لا خبرة","شغف شخصي","true","false","false","false","false","","لن أدفع وأفضل المجاني","","YouTube (يوتيوب), أحب هذا التطبيق","true","false","false","false","false","true","aladinbneacha.@gaiml.com.","Morocco"
"pbybV18","8DkVWo","2025-05-02 13:10:05","وسائل التواصل الاجتماعي","false","true","false","false","false","لا خبرة","شغف شخصي","true","false","false","false","false","الانجليزيه","لن أدفع وأفضل المجاني","مشاريع حقيقية وتطبيقات عملية","","","","","","","","","United Arab Emirates"
"kdeGMLr","LxJNoJ","2025-05-04 00:12:29","محرك البحث ","true","false","false","false","false","متوسط","بناء مشاريع, شغف شخصي, أهداف أكاديمية, مسار مهني","true","true","true","true","false","","لن أدفع وأفضل المجاني","","YouTube (يوتيوب), Udacity & Almentor, Coursera (كورسيرا)","true","false","true","false","false","true","hsnmhdy1799@gmail.com","Egypt"
"aQ4N1RW","4lXKLA","2025-05-11 19:24:01","","","","","","","","","","","","","","","","","","","","","","","","taz6549870231@gmail.com","Yemen"
"dW0vYeD","PZ0MrQ","2025-05-15 12:50:34","محرك البحث ","true","false","false","false","false","متوسط","شغف شخصي","true","false","false","false","false","ربلكوسو شحن  و بس
","","","","","","","","","","","Saudi Arabia"
"RGDDpP4","r89AyM","2025-05-21 10:57:17","محرك البحث ","true","false","false","false","false","","","false","false","false","false","false","","","","","","","","","","","golde1nboy.7@gmail.com","Egypt"
"A7vy0MN","g6r2ed","2025-06-01 19:33:14","محرك البحث ","true","false","false","false","false","لا خبرة","شغف شخصي","true","false","false","false","false","","أقل من 10 دولار","دورات تفاعلية منظمة للمبتدئين","YouTube (يوتيوب), سلمان الزهراني","true","false","false","false","false","true","salman01438salman@gmail.com","Saudi Arabia"
"GxlPNDQ","deMVJA","2025-06-04 09:45:07","محرك البحث ","true","false","false","false","false","مبتدئ","مسار مهني, بناء مشاريع","false","false","true","true","false","Python","لن أدفع وأفضل المجاني","شهادات عند إتمام الكورسات","","false","false","false","false","false","false","","Netherlands"
"obGXPJe","bQP0Wg","2025-06-05 07:55:24","محرك البحث ","true","false","false","false","false","لا خبرة","شغف شخصي","true","false","false","false","false","","أقل من 10 دولار","دورات تفاعلية منظمة للمبتدئين","YouTube (يوتيوب)","true","false","false","false","false","false","messi1010gd@gmail.com","Turkey"
"7R20lra","9Kp2AG","2025-06-12 14:21:43","منن","false","false","false","false","true","","","","","","","","","أكثر من 20 دولار","دورات تفاعلية منظمة للمبتدئين, تحديات وبرامج تدريبية مثل LeetCode, مجتمع دعم عربي (منتدى أو جروب)","Exercism","false","false","false","false","true","false","رالو","Saudi Arabia"
"VL5WrYg","xWRERG","2025-06-12 23:44:18","محرك البحث ","true","false","false","false","false","متوسط","بناء مشاريع, مسار مهني","false","false","true","true","false","wep development
","لن أدفع وأفضل المجاني","","","","","","","","","","Jordan"
"MebAdRX","aMqMxb","2025-06-17 18:55:11","وسائل التواصل الاجتماعي","false","true","false","false","false","لا خبرة","شغف شخصي","true","false","false","false","false","Python ","لن أدفع وأفضل المجاني","مشاريع حقيقية وتطبيقات عملية, شهادات عند إتمام الكورسات, مجتمع دعم عربي (منتدى أو جروب), دورات تفاعلية منظمة للمبتدئين","","","","","","","","mohamdy276@gmail.com","Egypt"
"VL0YB8J","ojqgZM","2025-06-18 16:08:23","الذكاء الاصطناعي AI","false","false","false","true","false","مبتدئ","مسار مهني","false","false","true","false","false","web development","لن أدفع وأفضل المجاني","مجتمع دعم عربي (منتدى أو جروب), تحديات وبرامج تدريبية مثل LeetCode, مشاريع حقيقية وتطبيقات عملية","YouTube (يوتيوب), Coursera (كورسيرا)","true","false","true","false","false","false","semomoamer38@gmail.com","Yemen"
"eqBVOOQ","6lB15N","2025-07-02 12:19:49","وسائل التواصل الاجتماعي","false","true","false","false","false","لا خبرة","شغف شخصي","true","false","false","false","false","Python and JavaScript","لن أدفع وأفضل المجاني","شهادات عند إتمام الكورسات","","","","","","","","t778168811@gmail.com","Yemen"
"b52leW6","KqP8rz","2025-08-20 19:46:19","الذكاء الاصطناعي AI","false","false","false","true","false","لا خبرة","","false","false","false","false","false","الباثون  ","لن أدفع وأفضل المجاني","شهادات عند إتمام الكورسات","YouTube (يوتيوب)","true","false","false","false","false","false","mmai5000@gmail.com","Egypt"